aplikasi_mobile,antarmuka,kinerja_layanan,keamanan
transaksi,antarmuka,kinerja,keamanan
transfer,interface,layanan,saldo
top up,tampilan,force close,uang
saldo,ui,cepat,bahaya
pelanggan,riwayat,lama,hilang
customer service,history,susah,penipuan
layanan,iklan,bagus,aman
pembayaran,ads,ok,palsu
aplikasi,pop up,oke,ketat
mobile,rumit,error,persetujuan
upgrade,bingung,sistem,hack
update,kolom,keluar sendiri,peretasan
premium,fitur,koneksi,dibobol
bayar,menu,jaringan,bobol
qris,penggunaan,login,siphon
paylater,tampilan ramai,pin,dicuri
tarik,desain,glitch,maling
dana,layout,loading,kuat
atm,,berguna,bocor
akun,,stabil,kebocoran
cashback,,bantu,data
pembelian,,server,otp
verifikasi,,bug,kode otp
mudah,,kedaluwarsa,oknum
biaya,,expired,curiga
admin,,scan,konfirmasi
instal,,barcode,password
unduh,,lemot,sandi
download,,gagal,lapor
kirim,,kecewa,laporkan
kirim uang,,salah,penipu
hp,,buruk,akun diambil
ponsel,,rusak,scam
perangkat,,crash,
android,,komplain,
bantuan,,keluhan,
help,,respon,
voucher,,respons,
customer,,perbaiki,
,,lancar,
,,macet,
,,drop,
